"Product ID","System Name","Slug","Industry Vertical","Commerce Category","Archetype ID","Archetype Name","Design Benchmark Reference","Hosting Platform","Live Demo URL","Admin Portal URL","Admin Passcode","HTTP Status","Typography Standard","Color Palette Standard","Interactive UX Components","Supabase SQL & RLS Status","Database Schema Depth","Loot Crate (.zip) Status","QA Audit Score","Institutional Diligence Verdict","Retail Storefront Price","Agency Whitelabel License","Micro-APA Valuation Floor"
"1","STRIDE MB","stride-mb","fitness","Boutique Fitness & Performance OS","A","Archetype A: Dense Operational Console","Sneaker Con & Flight Club Authentication Console","Render Cloud (Pro)","https://stride-manhattan-beach.onrender.com","https://stride-manhattan-beach.onrender.com/admin","stridemb2026","200 OK","WCAG AAA 18px (PASS)","Obsidian #0A0A0B (PASS)","PASS (Tabs/Drawers/Modals)","Turnkey RLS + Seed (PASS)","4 Relational Tables","Compiled & Verified","9.8 / 10.0","INSTITUTIONAL BUYER READY","$199","$2,999 (Unlimited)","$700 - $1,150 / asset"
"2","THE VAULT","the-vault","creative","Creative Production & Soundstage Studio OS","B","Archetype B: Asymmetric Editorial Showcase","Abbey Road & Sunset Sound Editorial Showcase","Render Cloud (Pro)","https://the-vault-studio.onrender.com","https://the-vault-studio.onrender.com/admin","vault2026","200 OK","WCAG AAA 18px (PASS)","Obsidian #0A0A0B (PASS)","PASS (Tabs/Drawers/Modals)","Turnkey RLS + Seed (PASS)","4 Relational Tables","Compiled & Verified","9.8 / 10.0","INSTITUTIONAL BUYER READY","$199","$2,999 (Unlimited)","$700 - $1,150 / asset"
"3","VELOCITY","velocity-os","automotive","Ultra-Luxury Exotic Car Rental Fleet OS","A","Archetype A: Dense Operational Console","Exotic Fleet Telematics & GPS Triage","Render Cloud (Pro)","https://velocity-exotic-fleet.onrender.com","https://velocity-exotic-fleet.onrender.com/admin","velocity2026","200 OK","WCAG AAA 18px (PASS)","Obsidian #0A0A0B (PASS)","PASS (Tabs/Drawers/Modals)","Turnkey RLS + Seed (PASS)","4 Relational Tables","Compiled & Verified","9.8 / 10.0","INSTITUTIONAL BUYER READY","$199","$2,999 (Unlimited)","$700 - $1,150 / asset"
"4","APEX CLUB","apex-club-os","fitness","Boutique Fight Club & Private Boxing Gym OS","D","Archetype D: Timeline & Station Reservation Grid","UFC Performance Institute Sparring Matrix","Render Cloud (Pro)","https://apex-fight-club.onrender.com","https://apex-fight-club.onrender.com/admin","apex2026","200 OK","WCAG AAA 18px (PASS)","Obsidian #0A0A0B (PASS)","PASS (Tabs/Drawers/Modals)","Turnkey RLS + Seed (PASS)","4 Relational Tables","Compiled & Verified","9.5 / 10.0","READY AFTER MINOR POLISH","$199","$2,999 (Unlimited)","$700 - $1,150 / asset"
"5","ELEVATE CAPITAL","elevate-capital-os","wealth","Private Equity Investor Portal OS","C","Archetype C: Step-by-Step Calculator / Wizard","Carta LP Subscription & Capital Underwriting Wizard","Render Cloud (Pro)","https://elevate-capital-os.onrender.com","https://elevate-capital-os.onrender.com","elevate2026","200 OK","WCAG AAA 18px (PASS)","Obsidian #0A0A0B (PASS)","PASS (Tabs/Drawers/Modals)","Turnkey RLS + Seed (PASS)","4 Relational Tables","Compiled & Verified","9.2 / 10.0","READY AFTER MINOR POLISH","$199","$2,999 (Unlimited)","$700 - $1,150 / asset"
"6","OBSIDIAN LAB","obsidian-lab-os","hospitality","Artisanal Coffee Slow Bar & Micro-Roastery OS","D","Archetype D: Timeline & Station Reservation Grid","Blue Bottle Slow Bar & Pour-Over Station Grid","Render Cloud (Pro)","https://obsidian-slow-bar.onrender.com","https://obsidian-slow-bar.onrender.com","obsidian2026","200 OK","WCAG AAA 18px (PASS)","Obsidian #0A0A0B (PASS)","PASS (Tabs/Drawers/Modals)","Turnkey RLS + Seed (PASS)","4 Relational Tables","Compiled & Verified","9.5 / 10.0","READY AFTER MINOR POLISH","$199","$2,999 (Unlimited)","$700 - $1,150 / asset"
"7","THE ENCLAVE","the-enclave-os","hospitality","Ultra-Luxury Architectural Real Estate & Villa OS","E","Archetype E: Split-Screen Spec & Proof Panel","Sotheby's International Realty Deed Provenance Panel","Render Cloud (Pro)","https://the-enclave-villas.onrender.com","https://the-enclave-villas.onrender.com/admin","enclave2026","200 OK","WCAG AA (14px)","Obsidian #0A0A0B (PASS)","PASS (Tabs/Drawers/Modals)","Turnkey RLS + Seed (PASS)","5 Relational Tables","Compiled & Verified","9.2 / 10.0","READY AFTER MINOR POLISH","$199","$2,999 (Unlimited)","$700 - $1,150 / asset"
"8","AURA MEDSPA","aura-medspa-os","medical","Boutique Aesthetics Clinic & VIP Treatment Booking OS","C","Archetype C: Step-by-Step Calculator / Wizard","Beverly Hills Laser & Injectable Protocol Wizard","Render Cloud (Pro)","https://aura-medspa-os.onrender.com","https://aura-medspa-os.onrender.com/admin","medspa2026","200 OK","WCAG AAA 18px (PASS)","Obsidian #0A0A0B (PASS)","PASS (Tabs/Drawers/Modals)","Turnkey RLS + Seed (PASS)","4 Relational Tables","Compiled & Verified","9.5 / 10.0","READY AFTER MINOR POLISH","$199","$2,999 (Unlimited)","$700 - $1,150 / asset"
"9","ROYAL APEX","royal-apex-os","creative","Luxury Men's Grooming Atelier & Bespoke Barber OS","B","Archetype B: Asymmetric Editorial Showcase","Chanel Haute Couture Atelier Showcase","Render Cloud (Pro)","https://royal-apex-atelier.onrender.com","https://royal-apex-atelier.onrender.com/admin","royal2026","200 OK","WCAG AAA 18px (PASS)","Obsidian #0A0A0B (PASS)","PASS (Tabs/Drawers/Modals)","Turnkey RLS + Seed (PASS)","4 Relational Tables","Compiled & Verified","9.5 / 10.0","READY AFTER MINOR POLISH","$199","$2,999 (Unlimited)","$700 - $1,150 / asset"
"10","AURA RESERVE","aura-reserve-os","wealth","Private Vineyard Cellar & Tasting Estate OS","D","Archetype D: Timeline & Station Reservation Grid","Napa Valley Allocation & Cellar Tasting Grid","Render Cloud (Pro)","https://aura-reserve-estate.onrender.com","https://aura-reserve-estate.onrender.com/admin","reserve2026","200 OK","WCAG AA (10px)","Obsidian #0A0A0B (PASS)","PASS (Tabs/Drawers/Modals)","Turnkey RLS + Seed (PASS)","4 Relational Tables","Compiled & Verified","9.2 / 10.0","READY AFTER MINOR POLISH","$199","$2,999 (Unlimited)","$700 - $1,150 / asset"
"11","MONOLITH STUDIO","monolith-studio-os","creative","Brutalist Architecture & BIM Project Portal OS","E","Archetype E: Split-Screen Spec & Proof Panel","Dolby Atmos Master Track Acoustic Spec Panel","Render Cloud (Pro)","https://monolith-studio-os.onrender.com","https://monolith-studio-os.onrender.com/admin","monolith2026","200 OK","WCAG AAA 18px (PASS)","Obsidian #0A0A0B (PASS)","PASS (Tabs/Drawers/Modals)","Turnkey RLS + Seed (PASS)","4 Relational Tables","Compiled & Verified","9.5 / 10.0","READY AFTER MINOR POLISH","$199","$2,999 (Unlimited)","$700 - $1,150 / asset"
"12","KINETIC LAB","kinetic-lab-os","fitness","High-Performance Biomechanics & Athletic Testing OS","D","Archetype D: Timeline & Station Reservation Grid","Equinox Biometric Cryo & POD Station Grid","Render Cloud (Pro)","https://kinetic-lab-os.onrender.com","https://kinetic-lab-os.onrender.com/admin","kinetic2026","200 OK","WCAG AAA 18px (PASS)","Obsidian #0A0A0B (PASS)","PASS (Tabs/Drawers/Modals)","Turnkey RLS + Seed (PASS)","4 Relational Tables","Compiled & Verified","9.5 / 10.0","READY AFTER MINOR POLISH","$199","$2,999 (Unlimited)","$700 - $1,150 / asset"
"13","THE VELVET NOTE","the-velvet-note-os","hospitality","Speakeasy, Jazz Listening Room & Sommelier Cellar OS","D","Archetype D: Timeline & Station Reservation Grid","Blue Note NYC Jazz Table Reservation Matrix","Render Cloud (Pro)","https://the-velvet-note-os.onrender.com","https://the-velvet-note-os.onrender.com/admin","velvet2026","200 OK","WCAG AAA 18px (PASS)","Obsidian #0A0A0B (PASS)","PASS (Tabs/Drawers/Modals)","Turnkey RLS + Seed (PASS)","4 Relational Tables","Compiled & Verified","9.5 / 10.0","READY AFTER MINOR POLISH","$199","$2,999 (Unlimited)","$700 - $1,150 / asset"
"14","AURA RETREAT OS","retreat-os","medical","Boutique Sanctuary, Cohort Ledger & Masterclass Expedition OS","D","Archetype D: Timeline & Station Reservation Grid","Amanjena Thermal Bathhouse Schedule Matrix","Render Cloud (Pro)","https://retreat-os.onrender.com","https://retreat-os.onrender.com/admin","retreat2026","200 OK","WCAG AAA 18px (PASS)","Obsidian #0A0A0B (PASS)","PASS (Tabs/Drawers/Modals)","Turnkey RLS + Seed (PASS)","3 Relational Tables","Compiled & Verified","9.5 / 10.0","READY AFTER MINOR POLISH","$199","$2,999 (Unlimited)","$700 - $1,150 / asset"
"15","OMAKASE & COUNTER","omakase-counter-os","hospitality","16-Seat Hinoki Reservation & Tasting Room OS","D","Archetype D: Timeline & Station Reservation Grid","Sukiyabashi Jiro 10-Seat Counter Matrix","Render Cloud (Pro)","https://omakase-counter-os.onrender.com","https://omakase-counter-os.onrender.com/admin","omakase2026","200 OK","WCAG AAA 18px (PASS)","Obsidian #0A0A0B (PASS)","NEEDS POLISH (3 missing #ids)","Turnkey RLS + Seed (PASS)","3 Relational Tables","Compiled & Verified","9.2 / 10.0","READY AFTER MINOR POLISH","$199","$2,999 (Unlimited)","$700 - $1,150 / asset"
"16","AETHEL BESPOKE","aethel-bespoke-os","creative","Hand-Welted Cordwainer Atelier & Lastmaker OS","B","Archetype B: Asymmetric Editorial Showcase","Savile Row Bespoke Suiting Editorial","Render Cloud (Pro)","https://aethel-bespoke-os.onrender.com","https://aethel-bespoke-os.onrender.com/admin","aethel2026","200 OK","WCAG AAA 18px (PASS)","Obsidian #0A0A0B (PASS)","PASS (Tabs/Drawers/Modals)","Turnkey RLS + Seed (PASS)","3 Relational Tables","Compiled & Verified","9.5 / 10.0","READY AFTER MINOR POLISH","$199","$2,999 (Unlimited)","$700 - $1,150 / asset"
"17","AURA APOTHECARY","aura-apothecary-os","medical","Haute Parfumerie & Bespoke Scent Formulation OS","C","Archetype C: Step-by-Step Calculator / Wizard","Officina Profumo Botanical Tincture Wizard","Render Cloud (Pro)","https://aura-apothecary-os.onrender.com","https://aura-apothecary-os.onrender.com/admin","apothecary2026","200 OK","WCAG AAA 18px (PASS)","Obsidian #0A0A0B (PASS)","PASS (Tabs/Drawers/Modals)","Turnkey RLS + Seed (PASS)","3 Relational Tables","Compiled & Verified","9.2 / 10.0","READY AFTER MINOR POLISH","$199","$2,999 (Unlimited)","$700 - $1,150 / asset"
"18","THE WINTER PARLOR","the-winter-parlor-os","hospitality","Fireside Tasting Salon & Biodynamic Cellar OS","B","Archetype B: Asymmetric Editorial Showcase","St. Moritz Alpine Parlor Editorial Showcase","Render Cloud (Pro)","https://the-winter-parlor-os.onrender.com","https://the-winter-parlor-os.onrender.com/admin","parlor2026","200 OK","WCAG AAA 18px (PASS)","Obsidian #0A0A0B (PASS)","PASS (Tabs/Drawers/Modals)","Turnkey RLS + Seed (PASS)","3 Relational Tables","Compiled & Verified","9.2 / 10.0","READY AFTER MINOR POLISH","$199","$2,999 (Unlimited)","$700 - $1,150 / asset"
"19","MOTIONSCALE","motionscale-os","creative","High-Ticket 3D Motion Design & VFX Studio OS","B","Archetype B: Asymmetric Editorial Showcase","Framestore VFX Reel & 3D Pipeline Showcase","Render Cloud (Pro)","https://motionscale-os.onrender.com","https://motionscale-os.onrender.com/admin","motionscale2026","200 OK","WCAG AAA 18px (PASS)","Obsidian #0A0A0B (PASS)","PASS (Tabs/Drawers/Modals)","Turnkey RLS + Seed (PASS)","4 Relational Tables","Compiled & Verified","9.8 / 10.0","INSTITUTIONAL BUYER READY","$199","$2,999 (Unlimited)","$700 - $1,150 / asset"
"20","AURA SUPPER CLUB","aura-supper-club-os","hospitality","Private Dining Club, Analog Vinyl Lounge & Heritage Tasting Room OS","D","Archetype D: Timeline & Station Reservation Grid","Rao's NYC Secret Speakeasy Reservation Matrix","Render Cloud (Pro)","https://aura-supper-club-os.onrender.com","https://aura-supper-club-os.onrender.com/admin","supperclub2026","200 OK","WCAG AAA 18px (PASS)","Obsidian #0A0A0B (PASS)","PASS (Tabs/Drawers/Modals)","Turnkey RLS + Seed (PASS)","4 Relational Tables","Compiled & Verified","9.5 / 10.0","READY AFTER MINOR POLISH","$199","$2,999 (Unlimited)","$700 - $1,150 / asset"
"21","NEO SHINJUKU","neo-shinjuku-os","hospitality","Cyberpunk Izakaya, High-Tech Robata Grill & Neon Cocktail Cantina OS","D","Archetype D: Timeline & Station Reservation Grid","Tokyo Shinjuku Golden Gai Izakaya Grid","Render Cloud (Pro)","https://neo-shinjuku-os.onrender.com","https://neo-shinjuku-os.onrender.com/admin","shinjuku2026","200 OK","WCAG AAA 18px (PASS)","Obsidian #0A0A0B (PASS)","PASS (Tabs/Drawers/Modals)","Turnkey RLS + Seed (PASS)","4 Relational Tables","Compiled & Verified","9.5 / 10.0","READY AFTER MINOR POLISH","$199","$2,999 (Unlimited)","$700 - $1,150 / asset"
"22","NEON LOTUS","neon-lotus-os","hospitality","Downtown Chinese Bistro, Dim Sum Speakeasy & Craft Baijiu Bar OS","D","Archetype D: Timeline & Station Reservation Grid","Indochine French-Vietnamese Bistro Grid","Render Cloud (Pro)","https://neon-lotus-os.onrender.com","https://neon-lotus-os.onrender.com/admin","lotus2026","200 OK","WCAG AAA 18px (PASS)","Obsidian #0A0A0B (PASS)","PASS (Tabs/Drawers/Modals)","Turnkey RLS + Seed (PASS)","4 Relational Tables","Compiled & Verified","9.8 / 10.0","INSTITUTIONAL BUYER READY","$199","$2,999 (Unlimited)","$700 - $1,150 / asset"
"23","APEX TUNING","apex-tuning-os","automotive","High-Performance Auto Tuning, Dyno Testing & Workshop Management OS","A","Archetype A: Dense Operational Console","Hennessey Performance Dyno Dispatch Console","Render Cloud (Pro)","https://apex-tuning-os.onrender.com","https://apex-tuning-os.onrender.com","apextuning2026","200 OK","WCAG AAA 18px (PASS)","Obsidian #0A0A0B (PASS)","PASS (Tabs/Drawers/Modals)","Turnkey RLS + Seed (PASS)","4 Relational Tables","Compiled & Verified","9.8 / 10.0","INSTITUTIONAL BUYER READY","$199","$2,999 (Unlimited)","$700 - $1,150 / asset"
"24","VILLA OBSIDIAN","villa-obsidian-os","wealth","Ultra-Luxury Architectural Estates & Private Villa OS","E","Archetype E: Split-Screen Spec & Proof Panel","Architectural Digest Structural Spec Vault","Render Cloud (Pro)","https://villa-obsidian-os.onrender.com","https://villa-obsidian-os.onrender.com","villa2026","200 OK","WCAG AAA 18px (PASS)","Obsidian #0A0A0B (PASS)","PASS (Tabs/Drawers/Modals)","Turnkey RLS + Seed (PASS)","5 Relational Tables","Compiled & Verified","9.5 / 10.0","READY AFTER MINOR POLISH","$199","$2,999 (Unlimited)","$700 - $1,150 / asset"
"25","AFRODIGITAL MOTION","afrodigital-motion-os","creative","3D Animation Studio, VFX Pipeline & Character Rigging OS","B","Archetype B: Asymmetric Editorial Showcase","Pixar Renderfarm & 3D Rigging Showcase","Render Cloud (Pro)","https://afrodigital-motion-os.onrender.com","https://afrodigital-motion-os.onrender.com","motion2026","200 OK","WCAG AAA 18px (PASS)","Obsidian #0A0A0B (PASS)","NEEDS POLISH (1 missing #ids)","Turnkey RLS + Seed (PASS)","4 Relational Tables","Compiled & Verified","9.2 / 10.0","READY AFTER MINOR POLISH","$199","$2,999 (Unlimited)","$700 - $1,150 / asset"
"26","BURGER LAB","burger-lab-os","hospitality","Craft Smash Burger, Fast-Casual Ordering & Kitchen Dispatch OS","A","Archetype A: Dense Operational Console","Shake Shack Kitchen Display System Console","Render Cloud (Pro)","https://burger-lab-os.onrender.com","https://burger-lab-os.onrender.com/admin","burger2026","200 OK","WCAG AAA 18px (PASS)","Obsidian #0A0A0B (PASS)","PASS (Tabs/Drawers/Modals)","Turnkey RLS + Seed (PASS)","5 Relational Tables","Compiled & Verified","9.8 / 10.0","INSTITUTIONAL BUYER READY","$199","$2,999 (Unlimited)","$700 - $1,150 / asset"
"27","AURA FRAGRANCE","aura-fragrance-os","medical","Haute Parfumerie, Bespoke Scent Formulation & Olfactory Atelier OS","B","Archetype B: Asymmetric Editorial Showcase","Kilian Paris Olfactory Scent Pyramid Showcase","Render Cloud (Pro)","https://aura-fragrance-os.onrender.com","https://aura-fragrance-os.onrender.com/admin","fragrance2026","200 OK","WCAG AAA 18px (PASS)","Obsidian #0A0A0B (PASS)","PASS (Tabs/Drawers/Modals)","Turnkey RLS + Seed (PASS)","4 Relational Tables","Compiled & Verified","9.5 / 10.0","READY AFTER MINOR POLISH","$199","$2,999 (Unlimited)","$700 - $1,150 / asset"
"28","FOCUS ARCHITECTURE","focus-architecture-os","creative","Minimalist Obsidian Architectural Atelier, Project Roster & Client Portal OS","C","Archetype C: Step-by-Step Calculator / Wizard","Foster + Partners Architectural Scope Wizard","Render Cloud (Pro)","https://focus-architecture-os.onrender.com","https://focus-architecture-os.onrender.com/admin","focus2026","200 OK","WCAG AAA 18px (PASS)","Obsidian #0A0A0B (PASS)","PASS (Tabs/Drawers/Modals)","Turnkey RLS + Seed (PASS)","4 Relational Tables","Compiled & Verified","9.8 / 10.0","INSTITUTIONAL BUYER READY","$199","$2,999 (Unlimited)","$700 - $1,150 / asset"
"29","THE VINEYARDS","the-vineyards-os","hospitality","Ultra-Luxury Wine Estate, Allocation Portal & Sommelier Cellar OS","D","Archetype D: Timeline & Station Reservation Grid","Bordeaux Premier Cru Allocation Matrix","Render Cloud (Pro)","https://the-vineyards-os.onrender.com","https://the-vineyards-os.onrender.com/admin","vineyards2026","200 OK","WCAG AAA 18px (PASS)","Obsidian #0A0A0B (PASS)","PASS (Tabs/Drawers/Modals)","Turnkey RLS + Seed (PASS)","4 Relational Tables","Compiled & Verified","9.5 / 10.0","READY AFTER MINOR POLISH","$199","$2,999 (Unlimited)","$700 - $1,150 / asset"
"30","FAMILY LEGACY WEALTH","family-legacy-wealth-os","wealth","Multi-Generational Trust, Compound Horizon & Family Office OS","E","Archetype E: Split-Screen Spec & Proof Panel","Rockefeller Family Trust Ledger Panel","Render Cloud (Pro)","https://family-legacy-wealth-os.onrender.com","https://family-legacy-wealth-os.onrender.com/admin","legacy2026","200 OK","WCAG AAA 18px (PASS)","Obsidian #0A0A0B (PASS)","PASS (Tabs/Drawers/Modals)","Turnkey RLS + Seed (PASS)","3 Relational Tables","Compiled & Verified","9.5 / 10.0","READY AFTER MINOR POLISH","$199","$2,999 (Unlimited)","$700 - $1,150 / asset"
"31","DIAMOND CUTS","diamond-cuts-os","medical","Luxury Barber Salon, Chair Scheduling & Grooming Atelier Floor OS","D","Archetype D: Timeline & Station Reservation Grid","Truefitt & Hill 30-Min Barber Chair Matrix","Render Cloud (Pro)","https://diamond-cuts-os.onrender.com","https://diamond-cuts-os.onrender.com/admin","diamond2026","200 OK","WCAG AAA 18px (PASS)","Obsidian #0A0A0B (PASS)","PASS (Tabs/Drawers/Modals)","Turnkey RLS + Seed (PASS)","3 Relational Tables","Compiled & Verified","9.5 / 10.0","READY AFTER MINOR POLISH","$199","$2,999 (Unlimited)","$700 - $1,150 / asset"
"32","CROWN & COLLECTIVE","crown-collective-os","medical","Boutique Barber Atelier, VIP Chair Booking & Haircare Goods OS","B","Archetype B: Asymmetric Editorial Showcase","Blind Barber VIP Grooming Goods Showcase","Render Cloud (Pro)","https://crown-collective-os.onrender.com","https://crown-collective-os.onrender.com/admin","crown2026","200 OK","WCAG AAA 18px (PASS)","Obsidian #0A0A0B (PASS)","PASS (Tabs/Drawers/Modals)","Turnkey RLS + Seed (PASS)","4 Relational Tables","Compiled & Verified","9.2 / 10.0","READY AFTER MINOR POLISH","$199","$2,999 (Unlimited)","$700 - $1,150 / asset"
"33","COMMERCIAL FINANCE ENGINE","commercial-finance-os","wealth","Real Estate Analytics, Commercial Debt Underwriting & Property Valuation OS","C","Archetype C: Step-by-Step Calculator / Wizard","Walker & Dunlop Commercial DSCR Underwriting Wizard","Render Cloud (Pro)","https://commercial-finance-os.onrender.com","https://commercial-finance-os.onrender.com/admin","finance2026","200 OK","WCAG AAA 18px (PASS)","Obsidian #0A0A0B (PASS)","PASS (Tabs/Drawers/Modals)","Turnkey RLS + Seed (PASS)","3 Relational Tables","Compiled & Verified","9.2 / 10.0","READY AFTER MINOR POLISH","$199","$2,999 (Unlimited)","$700 - $1,150 / asset"
"34","HIGH-TICKET OFFER ARCHITECT","high-ticket-studio-os","creative","High-Ticket Offer Studio, B2B Advisory Blueprints & Client Roster OS","E","Archetype E: Split-Screen Spec & Proof Panel","McKinsey High-Ticket Advisory Deal Blueprint","Render Cloud (Pro)","https://high-ticket-studio-os.onrender.com","https://high-ticket-studio-os.onrender.com/admin","architect2026","200 OK","WCAG AAA 18px (PASS)","Obsidian #0A0A0B (PASS)","PASS (Tabs/Drawers/Modals)","Turnkey RLS + Seed (PASS)","3 Relational Tables","Compiled & Verified","9.2 / 10.0","READY AFTER MINOR POLISH","$199","$2,999 (Unlimited)","$700 - $1,150 / asset"
"35","BBQ PIT","bbq-pit-os","hospitality","Oak Smokehouse, Real-Time Smoker Pit Telemetry & Kitchen Dispatch OS","A","Archetype A: Dense Operational Console","Franklin Barbecue Pitmaster Probe Telemetry Console","Render Cloud (Pro)","https://bbq-pit-os.onrender.com","https://bbq-pit-os.onrender.com/admin","bbq2026","200 OK","WCAG AAA 18px (PASS)","Obsidian #0A0A0B (PASS)","PASS (Tabs/Drawers/Modals)","Turnkey RLS + Seed (PASS)","3 Relational Tables","Compiled & Verified","9.5 / 10.0","READY AFTER MINOR POLISH","$199","$2,999 (Unlimited)","$700 - $1,150 / asset"
"36","STUDIO VÉRONIQUE LA","studio-veronique-os","creative","California Warm Modernism, Residential Interior Design & Material Sourcing OS","B","Archetype B: Asymmetric Editorial Showcase","Kelly Wearstler California Modernism Showcase","Render Cloud (Pro)","https://studio-veronique-os.onrender.com","https://studio-veronique-os.onrender.com/admin","veronique2026","200 OK","WCAG AAA 18px (PASS)","Obsidian #0A0A0B (PASS)","PASS (Tabs/Drawers/Modals)","Turnkey RLS + Seed (PASS)","3 Relational Tables","Compiled & Verified","9.2 / 10.0","READY AFTER MINOR POLISH","$199","$2,999 (Unlimited)","$700 - $1,150 / asset"
"37","PIZZA PARLOR OS","pizza-parlor-os","hospitality","Wood-Fired Neapolitan Pizzeria, Dough Fermentation & Reservation OS","D","Archetype D: Timeline & Station Reservation Grid","L'Antica Pizzeria da Michele Fermentation Matrix","Render Cloud (Pro)","https://pizza-parlor-os.onrender.com","https://pizza-parlor-os.onrender.com/admin","pizza2026","200 OK","WCAG AAA 18px (PASS)","Obsidian #0A0A0B (PASS)","PASS (Tabs/Drawers/Modals)","Turnkey RLS + Seed (PASS)","4 Relational Tables","Compiled & Verified","9.2 / 10.0","READY AFTER MINOR POLISH","$199","$2,999 (Unlimited)","$700 - $1,150 / asset"
"38","NOCTURNE NIGHTLIFE OS","premium-nightlife-os","hospitality","VIP Nightclub Table Bookings, Bottle Service Dispatch & Guestlist OS","C","Archetype C: Step-by-Step Calculator / Wizard","LIV Miami VIP Bottle Minimum & Table Wizard","Render Cloud (Pro)","https://premium-nightlife-os.onrender.com","https://premium-nightlife-os.onrender.com/admin","nightlife2026","200 OK","WCAG AAA 18px (PASS)","Obsidian #0A0A0B (PASS)","PASS (Tabs/Drawers/Modals)","Turnkey RLS + Seed (PASS)","4 Relational Tables","Compiled & Verified","9.5 / 10.0","READY AFTER MINOR POLISH","$199","$2,999 (Unlimited)","$700 - $1,150 / asset"
"39","ZENITH ELITE AGENCY OS","zenith-agency-os","creative","Luxury Digital Atelier, Kinetic Motion & High-Ticket Client Intake OS","E","Archetype E: Split-Screen Spec & Proof Panel","Pentagram Brand Identity Asset Spec Panel","Render Cloud (Pro)","https://zenith-agency-os.onrender.com","https://zenith-agency-os.onrender.com/admin","zenith2026","200 OK","WCAG AAA 18px (PASS)","Obsidian #0A0A0B (PASS)","PASS (Tabs/Drawers/Modals)","Turnkey RLS + Seed (PASS)","4 Relational Tables","Compiled & Verified","9.8 / 10.0","INSTITUTIONAL BUYER READY","$199","$2,999 (Unlimited)","$700 - $1,150 / asset"
"40","STREET CULTURE KITCHEN OS","street-culture-kitchen-os","hospitality","Dark-Mode Street Food Truck, Live GPS Dispatch & Limited Merch Drops OS","B","Archetype B: Asymmetric Editorial Showcase","Supreme NYC Street Food Drop Editorial","Render Cloud (Pro)","https://street-culture-kitchen-os.onrender.com","https://street-culture-kitchen-os.onrender.com/admin","street2026","200 OK","WCAG AAA 18px (PASS)","Obsidian #0A0A0B (PASS)","PASS (Tabs/Drawers/Modals)","Turnkey RLS + Seed (PASS)","4 Relational Tables","Compiled & Verified","9.8 / 10.0","INSTITUTIONAL BUYER READY","$199","$2,999 (Unlimited)","$700 - $1,150 / asset"
"41","SATSTACKER ASSET VAULT OS","satstacker-os","wealth","High-Precision Bitcoin Portfolio, Streak Freeze & Cryptographic Ledger OS","E","Archetype E: Split-Screen Spec & Proof Panel","Trezor & Ledger Cold Storage UTXO Proof Panel","Render Cloud (Pro)","https://satstacker-os.onrender.com","https://satstacker-os.onrender.com/admin","satstacker2026","200 OK","WCAG AAA 18px (PASS)","Obsidian #0A0A0B (PASS)","PASS (Tabs/Drawers/Modals)","Turnkey RLS + Seed (PASS)","4 Relational Tables","Compiled & Verified","9.8 / 10.0","INSTITUTIONAL BUYER READY","$199","$2,999 (Unlimited)","$700 - $1,150 / asset"
"42","AUTO REPAIR SHOP OS","auto-repair-shop-os","automotive","Premium Performance Automotive Repair, ECU Tuning & Detailing Studio OS","A","Archetype A: Dense Operational Console","RWB Porsche Tuning Bay Dispatch Console","Render Cloud (Pro)","https://auto-repair-shop-os.onrender.com","https://auto-repair-shop-os.onrender.com/admin","autorepair2026","200 OK","WCAG AAA 18px (PASS)","Obsidian #0A0A0B (PASS)","PASS (Tabs/Drawers/Modals)","Turnkey RLS + Seed (PASS)","4 Relational Tables","Compiled & Verified","9.8 / 10.0","INSTITUTIONAL BUYER READY","$199","$2,999 (Unlimited)","$700 - $1,150 / asset"
"43","SPA TREATMENT OS","spa-treatment-os","medical","Ultra-Luxury Spa Treatment, Ritual Booking & Wellness Sanctuary OS","D","Archetype D: Timeline & Station Reservation Grid","Banja Bathhouse Hydrotherapy Grid","Render Cloud (Pro)","https://spa-treatment-os.onrender.com","https://spa-treatment-os.onrender.com/admin","spatreatment2026","200 OK","WCAG AAA 18px (PASS)","Obsidian #0A0A0B (PASS)","PASS (Tabs/Drawers/Modals)","Turnkey RLS + Seed (PASS)","4 Relational Tables","Compiled & Verified","9.8 / 10.0","INSTITUTIONAL BUYER READY","$199","$2,999 (Unlimited)","$700 - $1,150 / asset"
"44","SOUL & SPICE OS","soul-and-spice-os","hospitality","Heritage Soul Food, Private Chef Catering & Restaurant Reservation OS","D","Archetype D: Timeline & Station Reservation Grid","Marcus Samuelsson Heritage Chef Reservation Matrix","Render Cloud (Pro)","https://soul-and-spice-os.onrender.com","https://soul-and-spice-os.onrender.com/admin","soulspice2026","200 OK","WCAG AAA 18px (PASS)","Obsidian #0A0A0B (PASS)","PASS (Tabs/Drawers/Modals)","Turnkey RLS + Seed (PASS)","3 Relational Tables","Compiled & Verified","9.8 / 10.0","INSTITUTIONAL BUYER READY","$199","$2,999 (Unlimited)","$700 - $1,150 / asset"
"45","RESONANCE CULINARY ARCHIVE OS","resonance-culinary-os","hospitality","Historic Foodways, Sensory Gastronomy & Curated Private Dining OS","B","Archetype B: Asymmetric Editorial Showcase","James Beard Foundation Culinary Archive Editorial","GitHub Pages (Edge CDN)","https://gcoinstash-cmd.github.io/resonance-culinary-os/","https://gcoinstash-cmd.github.io/resonance-culinary-os/admin","resonance2026","200 OK","WCAG AAA 18px (PASS)","Obsidian #0A0A0B (PASS)","PASS (Tabs/Drawers/Modals)","Turnkey RLS + Seed (PASS)","4 Relational Tables","Compiled & Verified","9.5 / 10.0","READY AFTER MINOR POLISH","$199","$2,999 (Unlimited)","$700 - $1,150 / asset"
"46","HERITAGE & HONEY OS","heritage-and-honey-os","hospitality","Farm-to-Table Heritage Restaurant, Reservation Management & Journal OS","E","Archetype E: Split-Screen Spec & Proof Panel","Blue Hill at Stone Barns Sourcing Proof Panel","Render Cloud (Pro)","https://heritage-and-honey-os.onrender.com","https://heritage-and-honey-os.onrender.com/admin","heritage2026","200 OK","WCAG AAA 18px (PASS)","Obsidian #0A0A0B (PASS)","PASS (Tabs/Drawers/Modals)","Turnkey RLS + Seed (PASS)","3 Relational Tables","Compiled & Verified","9.5 / 10.0","READY AFTER MINOR POLISH","$199","$2,999 (Unlimited)","$700 - $1,150 / asset"
"47","LUXURY REAL ESTATE PORTAL OS","luxury-real-estate-portal-os","wealth","Ultra-Luxury Real Estate Portfolio, Broker Board & Escrow Tracking OS","B","Archetype B: Asymmetric Editorial Showcase","Architectural Digest Bel-Air Mega-Estate Showcase","Render Cloud (Pro)","https://luxury-real-estate-portal-os.onrender.com","https://luxury-real-estate-portal-os.onrender.com/admin","estate2026","200 OK","WCAG AAA 18px (PASS)","Obsidian #0A0A0B (PASS)","PASS (Tabs/Drawers/Modals)","Turnkey RLS + Seed (PASS)","4 Relational Tables","Compiled & Verified","9.5 / 10.0","READY AFTER MINOR POLISH","$199","$2,999 (Unlimited)","$700 - $1,150 / asset"
"48","MIDNIGHT EXPRESS OS","midnight-express-os","hospitality","Cyberpunk Supercar Drive-Thru, Wok Gastronomy & RFID Lane Management OS","A","Archetype A: Dense Operational Console","In-N-Out Supercar Drive-Thru RFID Dispatch","Render Cloud (Pro)","https://midnight-express-os.onrender.com","https://midnight-express-os.onrender.com/admin","midnight2026","200 OK","WCAG AAA 18px (PASS)","Obsidian #0A0A0B (PASS)","PASS (Tabs/Drawers/Modals)","Turnkey RLS + Seed (PASS)","3 Relational Tables","Compiled & Verified","9.8 / 10.0","INSTITUTIONAL BUYER READY","$199","$2,999 (Unlimited)","$700 - $1,150 / asset"
"49","REAL ESTATE ANALYTICS HUB OS","real-estate-analytics-hub-os","wealth","Commercial Debt Underwriting, DSCR Modeling & 10-Yr Cap Rate Analytics OS","C","Archetype C: Step-by-Step Calculator / Wizard","CoStar 10-Year Pro-Forma DCF Underwriting Engine","Render Cloud (Pro)","https://real-estate-analytics-hub-os.onrender.com","https://real-estate-analytics-hub-os.onrender.com/admin","analytics2026","200 OK","WCAG AAA 18px (PASS)","Obsidian #0A0A0B (PASS)","PASS (Tabs/Drawers/Modals)","Turnkey RLS + Seed (PASS)","2 Relational Tables","Compiled & Verified","9.5 / 10.0","READY AFTER MINOR POLISH","$199","$2,999 (Unlimited)","$700 - $1,150 / asset"
"50","CULINARY OPERATIONAL WORKSPACE OS","culinary-workspace-os","hospitality","Haute Cuisine Banquet Operations, BOH Station Velocity & Menu Engineering OS","A","Archetype A: Dense Operational Console","Eleven Madison Park BOH Station Velocity Console","Render Cloud (Pro)","https://culinary-workspace-os.onrender.com","https://culinary-workspace-os.onrender.com/admin","culinary2026","200 OK","WCAG AAA 18px (PASS)","Obsidian #0A0A0B (PASS)","PASS (Tabs/Drawers/Modals)","Turnkey RLS + Seed (PASS)","3 Relational Tables","Compiled & Verified","9.8 / 10.0","INSTITUTIONAL BUYER READY","$199","$2,999 (Unlimited)","$700 - $1,150 / asset"
"51","TRENDY TACO TRUCK OS","trendy-taco-truck-os","hospitality","Street Gastronomy Truck, Fleet Tracking & Private Event Commission KDS OS","A","Archetype A: Dense Operational Console","Kogi BBQ Live GPS Food Truck Dispatch Console","GitHub Pages (Edge CDN)","https://gcoinstash-cmd.github.io/trendy-taco-truck-os/","https://gcoinstash-cmd.github.io/trendy-taco-truck-os/admin/","tacotruck2026","200 OK","WCAG AAA 18px (PASS)","Obsidian #0A0A0B (PASS)","PASS (Tabs/Drawers/Modals)","Turnkey RLS + Seed (PASS)","4 Relational Tables","Compiled & Verified","9.5 / 10.0","READY AFTER MINOR POLISH","$199","$2,999 (Unlimited)","$700 - $1,150 / asset"
"52","YŪGEN SENSORY OS","yugen-sensory-os","hospitality","Zen Minimalist Sensory Dining Sanctuary & Omakase Booking OS","B","Archetype B: Asymmetric Editorial Showcase","Ryokan Kyoto Sensory Omakase Editorial Showcase","GitHub Pages (Edge CDN)","https://gcoinstash-cmd.github.io/yugen-sensory-os/","https://gcoinstash-cmd.github.io/yugen-sensory-os/admin/","yugen2026","200 OK","WCAG AAA 18px (PASS)","Obsidian #0A0A0B (PASS)","PASS (Tabs/Drawers/Modals)","Turnkey RLS + Seed (PASS)","3 Relational Tables","Compiled & Verified","9.5 / 10.0","READY AFTER MINOR POLISH","$199","$2,999 (Unlimited)","$700 - $1,150 / asset"
"53","LITTLE ROOTS WELLNESS OS","little-roots-wellness-os","medical","Pediatric Developmental Clinic, Sensory Milestones & Early Academy OS","C","Archetype C: Step-by-Step Calculator / Wizard","Montessori Early Developmental Milestone Wizard","GitHub Pages (Edge CDN)","https://gcoinstash-cmd.github.io/little-roots-wellness-os/","https://gcoinstash-cmd.github.io/little-roots-wellness-os/admin/","roots2026","200 OK","WCAG AAA 18px (PASS)","Obsidian #0A0A0B (PASS)","NEEDS POLISH (1 missing #ids)","Turnkey RLS + Seed (PASS)","3 Relational Tables","Compiled & Verified","8.9 / 10.0","READY AFTER MINOR POLISH","$199","$2,999 (Unlimited)","$700 - $1,150 / asset"
"54","HOSPITALITY ROI ENGINE OS","hospitality-roi-engine-os","wealth","Boutique Hospitality RevPASH, CapEx Yield & Pro-Forma Allocator OS","C","Archetype C: Step-by-Step Calculator / Wizard","Four Seasons RevPASH & CapEx Yield Calculator","GitHub Pages (Edge CDN)","https://gcoinstash-cmd.github.io/hospitality-roi-engine-os/","https://gcoinstash-cmd.github.io/hospitality-roi-engine-os/admin/","roi2026","200 OK","WCAG AAA 18px (PASS)","Obsidian #0A0A0B (PASS)","PASS (Tabs/Drawers/Modals)","Turnkey RLS + Seed (PASS)","3 Relational Tables","Compiled & Verified","9.5 / 10.0","READY AFTER MINOR POLISH","$199","$2,999 (Unlimited)","$700 - $1,150 / asset"
"55","ZEN CAPITAL OS","zen-capital-os","wealth","Institutional FCF, ROIC Compounding & Private Equity Portfolio Terminal OS","E","Archetype E: Split-Screen Spec & Proof Panel","Berkshire Hathaway Capital Compounding Terminal Panel","GitHub Pages (Edge CDN)","https://gcoinstash-cmd.github.io/zen-capital-os/","https://gcoinstash-cmd.github.io/zen-capital-os/admin/","zencapital2026","200 OK","WCAG AAA 18px (PASS)","Obsidian #0A0A0B (PASS)","PASS (Tabs/Drawers/Modals)","Turnkey RLS + Seed (PASS)","3 Relational Tables","Compiled & Verified","9.5 / 10.0","READY AFTER MINOR POLISH","$199","$2,999 (Unlimited)","$700 - $1,150 / asset"
"56","HVAC DISPATCH OS","hvac-dispatch-os","home_services","Commercial HVAC, Chiller Plant & Refrigerant Dispatch OS","A","Archetype A: Dense Operational Console","Carrier Chiller Plant & Commercial Dispatch Console","GitHub Pages (Edge CDN)","https://gcoinstash-cmd.github.io/hvac-dispatch-os/","https://gcoinstash-cmd.github.io/hvac-dispatch-os/admin/","hvac2026","200 OK","WCAG AAA 18px (PASS)","Obsidian #0A0A0B (PASS)","PASS (Tabs/Drawers/Modals)","Turnkey RLS + Seed (PASS)","4 Relational Tables","Compiled & Verified","9.5 / 10.0","READY AFTER MINOR POLISH","$199","$2,999 (Unlimited)","$700 - $1,150 / asset"
"57","ROOFING ESTIMATOR OS","roofing-estimator-os","home_services","Commercial & Residential Drone Precision & Insurance Scope Architecture","C","Archetype C: Step-by-Step Calculator / Wizard","EagleView Drone Scope & Roofing Estimator Wizard","GitHub Pages (Edge CDN)","https://gcoinstash-cmd.github.io/roofing-estimator-os/","https://gcoinstash-cmd.github.io/roofing-estimator-os/admin/","roofing2026","200 OK","WCAG AAA 18px (PASS)","Obsidian #0A0A0B (PASS)","PASS (Tabs/Drawers/Modals)","Turnkey RLS + Seed (PASS)","4 Relational Tables","Compiled & Verified","9.5 / 10.0","READY AFTER MINOR POLISH","$199","$2,999 (Unlimited)","$700 - $1,150 / asset"
"58","HYDROFORCE PLUMBING OPS OS","plumbing-ops-os","home_services","Commercial Hydraulic Dispatch & Backflow Compliance OS","A","Archetype A: Dense Operational Console","Roto-Rooter Commercial Hydraulic Ops Console","GitHub Pages (Edge CDN)","https://gcoinstash-cmd.github.io/plumbing-ops-os/","https://gcoinstash-cmd.github.io/plumbing-ops-os/admin/","plumbing2026","200 OK","WCAG AAA 18px (PASS)","Obsidian #0A0A0B (PASS)","PASS (Tabs/Drawers/Modals)","Turnkey RLS + Seed (PASS)","4 Relational Tables","Compiled & Verified","9.5 / 10.0","READY AFTER MINOR POLISH","$199","$2,999 (Unlimited)","$700 - $1,150 / asset"
"59","HELIOS SOLAR INSTALL & PERMIT OS","solar-install-os","home_services","Commercial PV Sizing, Stamped AHJ & Interconnect PTO OS","D","Archetype D: Timeline & Station Reservation Grid","Sunrun Commercial PV Sizing & AHJ Permit Grid","GitHub Pages (Edge CDN)","https://gcoinstash-cmd.github.io/solar-install-os/","https://gcoinstash-cmd.github.io/solar-install-os/admin/","solar2026","200 OK","WCAG AAA 18px (PASS)","Obsidian #0A0A0B (PASS)","PASS (Tabs/Drawers/Modals)","Turnkey RLS + Seed (PASS)","4 Relational Tables","Compiled & Verified","9.5 / 10.0","READY AFTER MINOR POLISH","$199","$2,999 (Unlimited)","$700 - $1,150 / asset"
"60","VOLTGRID ELECTRICAL DISPATCH OS","electrical-dispatch-os","home_services","Medium-Voltage Switchgear & EV Fast Charging Dispatch OS","A","Archetype A: Dense Operational Console","ABB Medium-Voltage Switchgear & EV Crew Console","GitHub Pages (Edge CDN)","https://gcoinstash-cmd.github.io/electrical-dispatch-os/","https://gcoinstash-cmd.github.io/electrical-dispatch-os/admin/","electric2026","200 OK","WCAG AAA 18px (PASS)","Obsidian #0A0A0B (PASS)","PASS (Tabs/Drawers/Modals)","Turnkey RLS + Seed (PASS)","4 Relational Tables","Compiled & Verified","9.5 / 10.0","READY AFTER MINOR POLISH","$199","$2,999 (Unlimited)","$700 - $1,150 / asset"
"61","BOUTIQUE DENTAL OS","boutique-dental-os","medical","Private Practice Operatory Scheduling & Clinical Charting OS","D","Archetype D: Timeline & Station Reservation Grid","Pacific Dental Operatory Chair Scheduling Matrix","GitHub Pages (Edge CDN)","https://gcoinstash-cmd.github.io/boutique-dental-os/","https://gcoinstash-cmd.github.io/boutique-dental-os/admin/","dental2026","200 OK","WCAG AAA 18px (PASS)","Obsidian #0A0A0B (PASS)","PASS (Tabs/Drawers/Modals)","Turnkey RLS + Seed (PASS)","4 Relational Tables","Compiled & Verified","9.5 / 10.0","READY AFTER MINOR POLISH","$199","$2,999 (Unlimited)","$700 - $1,150 / asset"
"62","VETERINARY HOSPITAL OS","veterinary-hospital-os","medical","Companion Animal Emergency & Surgical Telemetry OS","B","Archetype B: Asymmetric Editorial Showcase","VCA Animal Hospital Emergency Case Showcase","GitHub Pages (Edge CDN)","https://gcoinstash-cmd.github.io/veterinary-hospital-os/","https://gcoinstash-cmd.github.io/veterinary-hospital-os/admin/","vet2026","200 OK","WCAG AAA 18px (PASS)","Obsidian #0A0A0B (PASS)","PASS (Tabs/Drawers/Modals)","Turnkey RLS + Seed (PASS)","4 Relational Tables","Compiled & Verified","9.5 / 10.0","READY AFTER MINOR POLISH","$199","$2,999 (Unlimited)","$700 - $1,150 / asset"
"63","AURA PROTOCOL FUNCTIONAL MEDICINE OS","functional-medicine-os","medical","Cellular Biomarker Mapping & Epigenetic Longevity Clinic OS","C","Archetype C: Step-by-Step Calculator / Wizard","Dr. Mark Hyman Epigenetic Longevity Protocol Wizard","GitHub Pages (Edge CDN)","https://gcoinstash-cmd.github.io/functional-medicine-os/","https://gcoinstash-cmd.github.io/functional-medicine-os/admin/","functional2026","200 OK","WCAG AAA 18px (PASS)","Obsidian #0A0A0B (PASS)","PASS (Tabs/Drawers/Modals)","Turnkey RLS + Seed (PASS)","4 Relational Tables","Compiled & Verified","9.5 / 10.0","READY AFTER MINOR POLISH","$199","$2,999 (Unlimited)","$700 - $1,150 / asset"
"64","KINETIC SPINE & SPORTS PT OS","physical-therapy-os","fitness","Orthopedic Rehabilitation & Biomechanical Performance OS","D","Archetype D: Timeline & Station Reservation Grid","EXOS Athletic Rehabilitation Station Grid","GitHub Pages (Edge CDN)","https://gcoinstash-cmd.github.io/physical-therapy-os/","https://gcoinstash-cmd.github.io/physical-therapy-os/admin/","pt2026","200 OK","WCAG AAA 18px (PASS)","Obsidian #0A0A0B (PASS)","PASS (Tabs/Drawers/Modals)","Turnkey RLS + Seed (PASS)","4 Relational Tables","Compiled & Verified","9.5 / 10.0","READY AFTER MINOR POLISH","$199","$2,999 (Unlimited)","$700 - $1,150 / asset"
"65","HYPERBARIC & RECOVERY LAB OS","recovery-spa-os","medical","Thermal Contrast Therapy & Cellular IV Infusion Lounge OS","D","Archetype D: Timeline & Station Reservation Grid","Next Health Thermal Contrast & IV Lounge Grid","GitHub Pages (Edge CDN)","https://gcoinstash-cmd.github.io/recovery-spa-os/","https://gcoinstash-cmd.github.io/recovery-spa-os/admin/","recovery2026","200 OK","WCAG AAA 18px (PASS)","Obsidian #0A0A0B (PASS)","PASS (Tabs/Drawers/Modals)","Turnkey RLS + Seed (PASS)","4 Relational Tables","Compiled & Verified","9.5 / 10.0","READY AFTER MINOR POLISH","$199","$2,999 (Unlimited)","$700 - $1,150 / asset"
"66","BOUTIQUE LAW OS","boutique-law-os","wealth","High-Ticket Commercial Law Firm & Client Retainer OS","C","Archetype C: Step-by-Step Calculator / Wizard","Skadden Arps Commercial Trial Retainer Wizard","GitHub Pages (Edge CDN)","https://gcoinstash-cmd.github.io/boutique-law-os/","https://gcoinstash-cmd.github.io/boutique-law-os/admin/","law2026","200 OK","WCAG AAA 18px (PASS)","Obsidian #0A0A0B (PASS)","PASS (Tabs/Drawers/Modals)","Turnkey RLS + Seed (PASS)","4 Relational Tables","Compiled & Verified","9.5 / 10.0","READY AFTER MINOR POLISH","$199","$2,999 (Unlimited)","$700 - $1,150 / asset"
"67","M&A ADVISORY OS","ma-advisory-os","wealth","Lower Middle-Market M&A Deal Room & VDR Engine","C","Archetype C: Step-by-Step Calculator / Wizard","Goldman Sachs Lower Middle-Market M&A VDR Stepper","GitHub Pages (Edge CDN)","https://gcoinstash-cmd.github.io/ma-advisory-os/","https://gcoinstash-cmd.github.io/ma-advisory-os/admin/","ma2026","200 OK","WCAG AAA 18px (PASS)","Obsidian #0A0A0B (PASS)","PASS (Tabs/Drawers/Modals)","Turnkey RLS + Seed (PASS)","3 Relational Tables","Compiled & Verified","9.5 / 10.0","READY AFTER MINOR POLISH","$199","$2,999 (Unlimited)","$700 - $1,150 / asset"
"68","EXECUTIVE SEARCH OS","executive-search-os","wealth","Retained C-Suite & Board Placement Engine","C","Archetype C: Step-by-Step Calculator / Wizard","Korn Ferry Retained C-Suite Placement Stepper","GitHub Pages (Edge CDN)","https://gcoinstash-cmd.github.io/executive-search-os/","https://gcoinstash-cmd.github.io/executive-search-os/admin/","search2026","200 OK","WCAG AAA 18px (PASS)","Obsidian #0A0A0B (PASS)","PASS (Tabs/Drawers/Modals)","Turnkey RLS + Seed (PASS)","3 Relational Tables","Compiled & Verified","9.5 / 10.0","READY AFTER MINOR POLISH","$199","$2,999 (Unlimited)","$700 - $1,150 / asset"
"69","WEALTH FAMILY OFFICE OS","wealth-family-office-os","wealth","Sovereign Multi-Family Office & Direct LP Engine","E","Archetype E: Split-Screen Spec & Proof Panel","Cambridge Associates Sovereign Wealth Spec Panel","GitHub Pages (Edge CDN)","https://gcoinstash-cmd.github.io/wealth-family-office-os/","https://gcoinstash-cmd.github.io/wealth-family-office-os/admin/","familyoffice2026","200 OK","WCAG AAA 18px (PASS)","Obsidian #0A0A0B (PASS)","PASS (Tabs/Drawers/Modals)","Turnkey RLS + Seed (PASS)","3 Relational Tables","Compiled & Verified","9.5 / 10.0","READY AFTER MINOR POLISH","$199","$2,999 (Unlimited)","$700 - $1,150 / asset"
"70","LITIGATION OPS OS","litigation-ops-os","wealth","Commercial Trial War Room & E-Discovery Command Center","E","Archetype E: Split-Screen Spec & Proof Panel","FTI Consulting Commercial Trial E-Discovery War Room","GitHub Pages (Edge CDN)","https://gcoinstash-cmd.github.io/litigation-ops-os/","https://gcoinstash-cmd.github.io/litigation-ops-os/admin/","litigation2026","200 OK","WCAG AAA 18px (PASS)","Obsidian #0A0A0B (PASS)","PASS (Tabs/Drawers/Modals)","Turnkey RLS + Seed (PASS)","3 Relational Tables","Compiled & Verified","9.5 / 10.0","READY AFTER MINOR POLISH","$199","$2,999 (Unlimited)","$700 - $1,150 / asset"
"71","HEAVY PLANT RENTAL OS","heavy-plant-rental-os","heavy_fleet","Heavy Earthmoving & Plant Equipment Fleet OS","A","Archetype A: Dense Operational Console","United Rentals Heavy Fleet Telematics Console","GitHub Pages (Edge CDN)","https://gcoinstash-cmd.github.io/heavy-plant-rental-os/","https://gcoinstash-cmd.github.io/heavy-plant-rental-os/admin/","plant2026","200 OK","WCAG AAA 18px (PASS)","Obsidian #0A0A0B (PASS)","PASS (Tabs/Drawers/Modals)","Turnkey RLS + Seed (PASS)","4 Relational Tables","Compiled & Verified","9.2 / 10.0","READY AFTER MINOR POLISH","$199","$2,999 (Unlimited)","$700 - $1,150 / asset"
"72","FREIGHT BROKER DISPATCH OS","freight-broker-dispatch-os","heavy_fleet","Intermodal Freight Brokerage & Carrier Lane OS","C","Archetype C: Step-by-Step Calculator / Wizard","C.H. Robinson Intermodal Freight Margin & Route Stepper","GitHub Pages (Edge CDN)","https://gcoinstash-cmd.github.io/freight-broker-dispatch-os/","https://gcoinstash-cmd.github.io/freight-broker-dispatch-os/admin/","freight2026","200 OK","WCAG AAA 18px (PASS)","Obsidian #0A0A0B (PASS)","PASS (Tabs/Drawers/Modals)","Turnkey RLS + Seed (PASS)","4 Relational Tables","Compiled & Verified","9.5 / 10.0","READY AFTER MINOR POLISH","$199","$2,999 (Unlimited)","$700 - $1,150 / asset"
"73","AVIATION CHARTER OS","aviation-charter-os","heavy_fleet","Private Jet Charter & Tail-Number Fleet OS","B","Archetype B: Asymmetric Editorial Showcase","NetJets Bespoke Fleet & Charter Flight Showcase","GitHub Pages (Edge CDN)","https://gcoinstash-cmd.github.io/aviation-charter-os/","https://gcoinstash-cmd.github.io/aviation-charter-os/admin/","aviation2026","200 OK","WCAG AAA 18px (PASS)","Obsidian #0A0A0B (PASS)","PASS (Tabs/Drawers/Modals)","Turnkey RLS + Seed (PASS)","4 Relational Tables","Compiled & Verified","9.2 / 10.0","READY AFTER MINOR POLISH","$199","$2,999 (Unlimited)","$700 - $1,150 / asset"
"74","COLD CHAIN STORAGE OS","cold-chain-storage-os","heavy_fleet","Temperature-Controlled Cold Storage & Reefer Dock OS","D","Archetype D: Timeline & Station Reservation Grid","Lineage Logistics 24-Hour Reefer Dock Reservation Matrix","GitHub Pages (Edge CDN)","https://gcoinstash-cmd.github.io/cold-chain-storage-os/","https://gcoinstash-cmd.github.io/cold-chain-storage-os/admin/","coldchain2026","200 OK","WCAG AAA 18px (PASS)","Obsidian #0A0A0B (PASS)","PASS (Tabs/Drawers/Modals)","Turnkey RLS + Seed (PASS)","4 Relational Tables","Compiled & Verified","9.2 / 10.0","READY AFTER MINOR POLISH","$199","$2,999 (Unlimited)","$700 - $1,150 / asset"
"75","CRANE & RIGGING OPS OS","crane-rigging-ops-os","heavy_fleet","Heavy Lift Engineering & Certified Crane Rigging OS","E","Archetype E: Split-Screen Spec & Proof Panel","Mammoet Heavy Lift Load Radius & OSHA Proof Panel","GitHub Pages (Edge CDN)","https://gcoinstash-cmd.github.io/crane-rigging-ops-os/","https://gcoinstash-cmd.github.io/crane-rigging-ops-os/admin/","crane2026","200 OK","WCAG AAA 18px (PASS)","Obsidian #0A0A0B (PASS)","PASS (Tabs/Drawers/Modals)","Turnkey RLS + Seed (PASS)","4 Relational Tables","Compiled & Verified","9.5 / 10.0","READY AFTER MINOR POLISH","$199","$2,999 (Unlimited)","$700 - $1,150 / asset"
"76","CERAMIC SHIELD & PPF OS","ceramic-shield-ppf-os","automotive","High-End Automotive PPF & Ceramic Coating Studio OS","C","Archetype C: Step-by-Step Calculator / Wizard","XPEL Automotive Multi-Stage Coverage & Cleanroom Stepper","GitHub Pages (Edge CDN)","https://gcoinstash-cmd.github.io/ceramic-shield-ppf-os/","https://gcoinstash-cmd.github.io/ceramic-shield-ppf-os/admin/","ceramic2026","200 OK","WCAG AAA 18px (PASS)","Obsidian #0A0A0B (PASS)","PASS (Tabs/Drawers/Modals)","Turnkey RLS + Seed (PASS)","4 Relational Tables","Compiled & Verified","9.5 / 10.0","READY AFTER MINOR POLISH","$199","$2,999 (Unlimited)","$700 - $1,150 / asset"
"77","MOBILE DETAIL DISPATCH OS","mobile-detail-dispatch-os","automotive","Autonomous Mobile Detailing & Fleet Rig Dispatch OS","A","Archetype A: Dense Operational Console","Samsara Mobile Fleet DI Water & Triage Dispatch Console","GitHub Pages (Edge CDN)","https://gcoinstash-cmd.github.io/mobile-detail-dispatch-os/","https://gcoinstash-cmd.github.io/mobile-detail-dispatch-os/admin/","detail2026","200 OK","WCAG AAA 18px (PASS)","Obsidian #0A0A0B (PASS)","PASS (Tabs/Drawers/Modals)","Turnkey RLS + Seed (PASS)","4 Relational Tables","Compiled & Verified","9.2 / 10.0","READY AFTER MINOR POLISH","$199","$2,999 (Unlimited)","$700 - $1,150 / asset"
"78","CINEGRIP EQUIPMENT OS","cinegrip-equipment-os","creative","Cinema Camera, Grip & Lighting Rental House OS","E","Archetype E: Split-Screen Spec & Proof Panel","ARRI Rental Cinema Grip & COI Insurance Proof Panel","GitHub Pages (Edge CDN)","https://gcoinstash-cmd.github.io/cinegrip-equipment-os/","https://gcoinstash-cmd.github.io/cinegrip-equipment-os/admin/","cinegrip2026","200 OK","WCAG AAA 18px (PASS)","Obsidian #0A0A0B (PASS)","PASS (Tabs/Drawers/Modals)","Turnkey RLS + Seed (PASS)","4 Relational Tables","Compiled & Verified","9.5 / 10.0","READY AFTER MINOR POLISH","$199","$2,999 (Unlimited)","$700 - $1,150 / asset"
"79","CUSTOM INK STUDIO OS","custom-ink-studio-os","creative","High-Ticket Custom Tattoo & Resident Artist Studio OS","B","Archetype B: Asymmetric Editorial Showcase","Bang Bang NYC Resident Tattoo Flash Editorial Grid","GitHub Pages (Edge CDN)","https://gcoinstash-cmd.github.io/custom-ink-studio-os/","https://gcoinstash-cmd.github.io/custom-ink-studio-os/admin/","customink2026","200 OK","WCAG AAA 18px (PASS)","Obsidian #0A0A0B (PASS)","PASS (Tabs/Drawers/Modals)","Turnkey RLS + Seed (PASS)","4 Relational Tables","Compiled & Verified","9.2 / 10.0","READY AFTER MINOR POLISH","$199","$2,999 (Unlimited)","$700 - $1,150 / asset"
"80","COMBAT RECOVERY LAB OS","combat-recovery-lab-os","fitness","Elite Fighter & Athlete Contrast Recovery Lab OS","D","Archetype D: Timeline & Station Reservation Grid","UFC Performance Institute Cryo & Contrast Chamber Matrix","GitHub Pages (Edge CDN)","https://gcoinstash-cmd.github.io/combat-recovery-lab-os/","https://gcoinstash-cmd.github.io/combat-recovery-lab-os/admin/","recovery2026","200 OK","WCAG AAA 18px (PASS)","Obsidian #0A0A0B (PASS)","PASS (Tabs/Drawers/Modals)","Turnkey RLS + Seed (PASS)","4 Relational Tables","Compiled & Verified","9.2 / 10.0","READY AFTER MINOR POLISH","$199","$2,999 (Unlimited)","$700 - $1,150 / asset"
"81","FINE DINING OS","fine-dining-matrix-os","hospitality","Michelin Seat Matrix, Table Reservation & Sommelier Cellar OS","D","Archetype D: Timeline & Station Reservation Grid","SevenRooms 24-Seat Michelin Timeline Matrix","GitHub Pages (Edge CDN)","https://gcoinstash-cmd.github.io/fine-dining-matrix-os/","https://gcoinstash-cmd.github.io/fine-dining-matrix-os/admin","finedining2026","200 OK","WCAG AAA 18px (PASS)","Obsidian #0A0A0B (PASS)","PASS (Tabs/Drawers/Modals)","Turnkey RLS + Seed (PASS)","4 Relational Tables","Compiled & Verified","9.2 / 10.0","READY AFTER MINOR POLISH","$199","$2,999 (Unlimited)","$700 - $1,150 / asset"
"82","MEDSPA CLINIC OS","medspa-clinic-os","medical","Beverly Hills Aesthetic Treatment Wizard & Clinical Intake OS","C","Archetype C: Step-by-Step Calculator / Wizard","Beverly Hills Plastic Surgery Treatment Intake Wizard","GitHub Pages (Edge CDN)","https://gcoinstash-cmd.github.io/medspa-clinic-os/","https://gcoinstash-cmd.github.io/medspa-clinic-os/admin","medspaclinic2026","200 OK","WCAG AAA 18px (PASS)","Obsidian #0A0A0B (PASS)","PASS (Tabs/Drawers/Modals)","Turnkey RLS + Seed (PASS)","4 Relational Tables","Compiled & Verified","9.5 / 10.0","READY AFTER MINOR POLISH","$199","$2,999 (Unlimited)","$700 - $1,150 / asset"
"83","SUPERYACHT CHARTER OS","superyacht-charter-os","automotive","Monaco Fleet Asymmetric Showcase, Deck Selector & Escrow OS","B","Archetype B: Asymmetric Editorial Showcase","Fraser Yachts Monaco Asymmetric Editorial Showcase","GitHub Pages (Edge CDN)","https://gcoinstash-cmd.github.io/superyacht-charter-os/","https://gcoinstash-cmd.github.io/superyacht-charter-os/admin","yacht2026","200 OK","WCAG AAA 18px (PASS)","Obsidian #0A0A0B (PASS)","PASS (Tabs/Drawers/Modals)","Turnkey RLS + Seed (PASS)","4 Relational Tables","Compiled & Verified","9.5 / 10.0","READY AFTER MINOR POLISH","$199","$2,999 (Unlimited)","$700 - $1,150 / asset"
"84","LUXURY HOROLOGY VAULT OS","luxury-horology-vault-os","wealth","Chrono Inspection, Caliber Specs & Provenance Certificate OS","E","Archetype E: Split-Screen Spec & Proof Panel","Chrono24 Split-Screen Inspection Loupe & Caliber Vault","GitHub Pages (Edge CDN)","https://gcoinstash-cmd.github.io/luxury-horology-vault-os/","https://gcoinstash-cmd.github.io/luxury-horology-vault-os/admin","horology2026","200 OK","WCAG AAA 18px (PASS)","Obsidian #0A0A0B (PASS)","PASS (Tabs/Drawers/Modals)","Turnkey RLS + Seed (PASS)","4 Relational Tables","Compiled & Verified","9.8 / 10.0","INSTITUTIONAL BUYER READY","$199","$2,999 (Unlimited)","$700 - $1,150 / asset"
"85","PRIVATE VILLA ESTATE OS","private-villa-estate-os","hospitality","Ultra-Luxury Estate Concierge Console & Staff Dispatch OS","A","Archetype A: Dense Operational Console","Aman Resorts Private Villa Concierge & Butler Console","GitHub Pages (Edge CDN)","https://gcoinstash-cmd.github.io/private-villa-estate-os/","https://gcoinstash-cmd.github.io/private-villa-estate-os/admin","villaestate2026","200 OK","WCAG AAA 18px (PASS)","Obsidian #0A0A0B (PASS)","PASS (Tabs/Drawers/Modals)","Turnkey RLS + Seed (PASS)","4 Relational Tables","Compiled & Verified","9.8 / 10.0","INSTITUTIONAL BUYER READY","$199","$2,999 (Unlimited)","$700 - $1,150 / asset"