Agency Name,Target Niche,Website URL,Pitch Angle,Outreach Status
King & Partners,Luxury Hospitality & Boutique Dining,https://www.kingandpartners.com,Pitch turnkey SevenRooms-style dining matrix & cellar allocation OS to eliminate custom booking dev.,Ready to Send
Heavy Hospitality,Nightlife & Experiential Dining,https://www.heavy.agency,Pitch VIP bottle service wizard & speakeasy guestlist OS for nightlife clients.,Ready to Send
Hudson Creative,Fine Dining & Culinary Groups,https://www.hudsoncreative.com,Offer 23 pre-built culinary operating systems (omakase, bistro, KDS) to shorten delivery times.,Ready to Send
Studio Thomas,Boutique Hospitality & Wine Estates,https://www.studio-thomas.com,Pitch vineyard allocation engine & luxury private dining matrix templates.,Ready to Send
Agency 21 Consulting,High-End Food & Hospitality Events,https://www.agency21consulting.com,Showcase culinary operational workspace OS with instant client onboarding.,Ready to Send
Bullfrog Digital,Nightlife Venues & Club Booking,https://www.bullfrogdigital.co,Pitch VIP table allocation & ticket gate OS to capture high-margin retainers.,Ready to Send
Black Sheep Hospitality,Speakeasies & Boutique Bars,https://www.blacksheepagency.com,Offer cocktail lounge & chef counter reservation OS blueprints.,Ready to Send
MedSpa Agency,Medical Spas & Aesthetic Clinics,https://www.medspaagency.com,Pitch Beverly Hills injectable protocol wizard & patient intake OS (Supabase RLS enabled).,Ready to Send
Aesthetics Surge,Plastic Surgery & Cosmetic Suites,https://www.aestheticssurge.com,Pitch clinical treatment intake stepper & cosmetic surgery consultation OS.,Ready to Send
Practice Alchemy,Aesthetic Clinics & Functional Medicine,https://www.practicealchemy.com,Offer functional medicine & longevity protocol blueprints to eliminate 8-week dev delays.,Ready to Send
Studio Aesthetic,Cosmetic Dermatology & MedSpas,https://www.studioaesthetic.co,Pitch luxury laser & skincare booking engine with turnkey database schemas.,Ready to Send
GrowthMed,Concierge Medicine & Plastic Surgery,https://www.growthmed.com,Showcase HIPAA-friendly single-tenant Supabase architecture for private surgical portals.,Ready to Send
Cardinal Digital Health,Dermatology & Luxury Aesthetics,https://www.cardinaldigitalmarketing.com,Pitch multi-location aesthetic clinic portal OS for instant client deployment.,Ready to Send
Pacific MedSpa Digital,Boutique Aesthetic Practices,https://www.pacificmedspadigital.com,Pitch 1-click buyer valet demo switch to close prospective medspa clients in 15 mins.,Ready to Send
Hook Agency,HVAC & Commercial Roofing,https://www.hookagency.com,Pitch EagleView-style drone scope & roofing estimator wizard with interactive tally.,Ready to Send
Relentless Digital,HVAC & Commercial Plumbing,https://www.relentless-digital.com,Offer Carrier-grade commercial chiller dispatch & field technician queue console.,Ready to Send
Blue Corona,Home Services & Trade Dispatch,https://www.bluecorona.com,Pitch Roto-Rooter style hydraulic plumbing ops console with live triage queue.,Ready to Send
Trade Barker,Automotive Tuning & Fleet Repair,https://www.tradebarker.com,Pitch Hennessey-style dyno dispatch & exotic mobile detail rigs to auto shop clients.,Ready to Send
High Level Trades,Heavy Equipment & Commercial Contractors,https://www.highleveltrades.com,Pitch United Rentals style plant hire & crane rigging ops console.,Ready to Send
Valve+Meter,Industrial Services & Electrical Dispatch,https://www.valvemeter.com,Offer medium-voltage switchgear & electrical crew dispatch console templates.,Ready to Send
